season,model,c0,c0_c1,a,gde,rss,r2
dry_15:16,Exp,0.4201,0.7192,0.18,0.5841212458286985,671.2293,0.5143151835915111
