season,model,c0,c0_c1,a,gde,rss,r2
dry_20:21,Sph,0.5325,1.1725,0.3,0.4541577825159914,2854.3315,0.5677287392579485
