season,model,c0,c0_c1,a,gde,rss,r2
dry_17:18,Sph,0.5297,0.7824,0.28,0.6770194274028629,826.6949,0.5862291635197546
