season,model,c0,c0_c1,a,gde,rss,r2
dry_15:16,Sph,0.4816,0.7074,0.16,0.6808029403449251,237.5804,0.8281464901628807
