season,model,c0,c0_c1,a,gde,rss,r2
dry_22:23,Exp,0.4935,0.9676,0.39,0.5100248036378668,696.4158,0.6965279392001142
