season,model,c0,c0_c1,a,gde,rss,r2
dry_18:19,Sph,0.7359,1.2179,0.3,0.6042368010509894,3953.7143,0.5324243556929728
