season,model,c0,c0_c1,a,gde,rss,r2
dry_19:20,Exp,0.6345,0.949,0.37,0.6685985247629083,2892.9511,0.6498907837080758
