season,model,c0,c0_c1,a,gde,rss,r2
dry_21:22,Exp,0.4198,1.2095,0.32,0.34708557255064076,2372.6765,0.7530131071427676
