season,model,c0,c0_c1,a,gde,rss,r2
dry_16:17,Exp,0.5717,1.312,0.65,0.4357469512195122,2682.7857,0.8685819599933342
