season,model,c0,c0_c1,a,gde,rss,r2
dry_23:24,Sph,0.618,0.953,0.21,0.6484784889821616,350.7247,0.5661927705451815
