season,model,c0,c0_c1,a,gde,rss,r2
rainy_18:19,Exp,0.427,0.8515,0.84,0.5014679976512038,1141.5604,0.692258588932832
