season,model,c0,c0_c1,a,gde,rss,r2
rainy_23:24,Exp,0.3934,1.4829,0.95,0.2652909838829321,11071.3918,0.6285625052653443
