season,model,c0,c0_c1,a,gde,rss,r2
rainy_16:17,Sph,0.3615,0.9399,0.44,0.38461538461538464,2278.2576,0.5804542592630626
