season,model,c0,c0_c1,a,gde,rss,r2
rainy_22:23,Exp,0.3121,1.3047,0.82,0.23921207940522726,3420.8977,0.654556184151359
