season,model,c0,c0_c1,a,gde,rss,r2
rainy_19:20,Exp,0.5911,0.9789,1.82,0.6038410460721217,2931.1247,0.40471285239740296
