season,model,c0,c0_c1,a,gde,rss,r2
rainy_17:18,Sph,0.462,1.2779,1.02,0.36153063620001563,2340.6571,0.758031164971783
