season,model,c0,c0_c1,a,gde,rss,r2
rainy_21:22,Sph,0.5415,1.7934,1.43,0.3019404483104717,4030.9354,0.8491074193908827
