season,model,c0,c0_c1,a,gde,rss,r2
rainy_20:21,Sph,0.6715,1.9087,1.19,0.3518101325509509,1069.4217,0.8422168354433949
