season,model,c0,c0_c1,a,gde,rss,r2
dry_20:21,Exp,0.307,2.3287,0.32,0.1318332116631597,28551.1524,0.48515156337162463
