season,model,c0,c0_c1,a,gde,rss,r2
dry_23:24,Sph,0.609,1.6536,0.33,0.36828737300435416,2627.71,0.7974712516774423
