season,model,c0,c0_c1,a,gde,rss,r2
dry_17:18,Sph,0.6423,0.9475,0.35,0.6778891820580475,1669.8614,0.17256887727235531
