season,model,c0,c0_c1,a,gde,rss,r2
dry_15:16,Exp,0.4708,0.9672,0.35,0.48676592224979326,3218.2295,-0.27887791248714633
