season,model,c0,c0_c1,a,gde,rss,r2
dry_22:23,Sph,0.436,1.8964,0.19,0.2299093018350559,19869.0643,0.08798810850740627
