season,model,c0,c0_c1,a,gde,rss,r2
dry_18:19,Gau,0.9519,2.2041,0.37,0.4318769565809174,58045.933900000004,0.4564835111621576
