season,model,c0,c0_c1,a,gde,rss,r2
dry_21:22,Gau,0.9479,2.09,0.31,0.45354066985645936,12213.6097,0.5898096377768396
