season,model,c0,c0_c1,a,gde,rss,r2
dry_19:20,Sph,0.6035,1.3499,0.21,0.4470701533446922,840.9776,0.8457204115375917
