season,model,c0,c0_c1,a,gde,rss,r2
dry_15:16,Sph,0.5362,0.9239,0.25,0.5803658404589241,1743.5906,0.2931067733833046
