season,model,c0,c0_c1,a,gde,rss,r2
dry_19:20,Exp,0.3891,1.3781,0.23,0.2823452579638633,8437.2984,0.7330696789932608
