season,model,c0,c0_c1,a,gde,rss,r2
dry_16:17,Sph,0.5925,2.2467,0.55,0.26372012284684204,14054.0335,0.6809918163825296
