season,model,c0,c0_c1,a,gde,rss,r2
rainy_17:18,Sph,0.4338,2.6489,1.94,0.16376609158518632,7774.9558,0.7772119210566907
