season,model,c0,c0_c1,a,gde,rss,r2
rainy_22:23,Exp,0.2238,1.7026,0.68,0.13144602372841538,17126.4754,0.45025519381561135
