season,model,c0,c0_c1,a,gde,rss,r2
rainy_18:19,Gau,0.5773,2.0408,0.58,0.2828792630341043,11620.8917,0.47819966976120004
