season,model,c0,c0_c1,a,gde,rss,r2
rainy_16:17,Gau,0.5676,1.4486,0.69,0.3918265911914952,3195.2251,0.5905945091401411
