season,model,c0,c0_c1,a,gde,rss,r2
rainy_21:22,Exp,0.6094,3.4743,2.04,0.1754022393000029,14391.6154,0.7118839421231936
