season,model,c0,c0_c1,a,gde,rss,r2
rainy_23:24,Exp,0.249,1.571,0.72,0.158497772119669,23610.5932,0.4635745747947122
