season,model,c0,c0_c1,a,gde,rss,r2
rainy_20:21,Exp,0.5622,2.7801,1.95,0.202222941620805,4726.808,0.7378166232139801
