season,model,c0,c0_c1,a,gde,rss,r2
rainy_15:16,Exp,0.3176,1.1964,0.66,0.2654630558341692,695.8741,0.13282939518996095
