season,model,c0,c0_c1,a,gde,rss,r2
rainy_19:20,Exp,0.5054,1.7789,0.69,0.28410815672606665,21880.6056,0.372403928230346
